Brand,Capacity(kg),Price,Rating(out of 5),Total rating,Total reviews,
LG,,119990,3.9,,6,
Samsung,,94990,4.3,,1,
LG,7,69990,4.3,,56,
SAMSUNG,,67990,4.6,,4,
LG,7,65990,4.4,,1,
SAMSUNG,12,65900,4.3,694,2045,
LG,18,65599,4.4,,77,
LG,5,64999,4.4,880,1080,
IFB,8.5,64990,4.4,,29,
BOSCH,,62289,4.4,616,489,
BOSCH,6,59999,4.4,,4,
BOSCH,6,59999,4.7,,3,
IFB,6.5,59599,4.3,,14,
SAMSUNG,9,59000,4.4,521,340,
SAMSUNG,9,59000,4.5,,9,
SAMSUNG,9,58500,4.2,790,349,
BOSCH,5,56999,4.3,,24,
BOSCH,6,56990,4.3,,43,
BOSCH,6,54999,4.3,,1,
BOSCH,6,54999,4.4,,0,
BOSCH,8,50999,,432,1,
LG,11,50590,4.3,815,462,
BOSCH,10,49999,4.4,567,2777,
Haier,10,49990,4.3,,2,
BOSCH,9,47900,4.3,61,6574,
SAMSUNG,8,47500,3.8,,1,
SAMSUNG,8,47500,4.4,,7,
BOSCH,10,47499,,4349,52,
LG,10,46990,4.3,,18,
BOSCH,9,46260,,53,0,
Panasonic,5,45990,4.3,61,6574,
LG,11,45990,3.9,,2,
Panasonic,5,45990,4.4,,113,
SAMSUNG,8,45890,4.3,,4,
LG,8,45490,4.4,,113,
SAMSUNG,8,44990,4.5,640,305,
SAMSUNG,9,44500,4.2,453,185,
LG,8,43990,4.3,,13,
LG,8,42990,4.3,,2,
Haier,7,42500,4.2,,34,
Haier,8,42500,4.3,,9,
IFB,8.5,42189,,51,1,
LG,9,41990,4.2,,5,
BOSCH,8,40999,3.8,,1,
BOSCH,8,40999,4.3,,55,
IFB,8,40990,4.3,432,162,
LG,8,40990,4.3,61,6574,
SAMSUNG,8,40990,4.3,61,6574,
IFB,9,40990,4.1,,111,
LG,9,40980,4.3,815,462,
LG,9,40980,4.3,61,6574,
Whirlpool,8,40500,4.2,790,349,
Whirlpool,8,40500,,495,10,
LG,7,39990,4.3,,5,
IFB,8.5,39900,4.4,737,450,
Siemens,8,39400,4.3,61,6574,
LG,8,39300,3.8,,22,
Siemens,7,39250,4.4,,1,
SAMSUNG,11,39000,4.3,,1,
LG,8,38990,,4349,52,
LG,7,38990,3.9,,1,
BOSCH,7.5,38790,4.1,,3,
Siemens,7,38679,4.2,,87,
IFB,8,38490,3.8,,1,
BOSCH,7,37999,4.3,297,406,
BOSCH,7,37999,4.4,,2,
IFB,7.5,37999,4.5,,4,
IFB,7.5,37999,4.7,,0,
BOSCH,8,37990,4.2,,8,
IFB,8,37990,4.5,,1,
Haier,8,37976,4.2,,185,
SAMSUNG,8,37750,4.4,,113,
SAMSUNG,8,37740,4.2,,17,
LG,7,37740,4.3,,4,
SAMSUNG,8,37740,4.5,,6,
LG,8,37599,4.3,55,1118,
BOSCH,8,36990,4.2,347,181,
SAMSUNG,8,36985,4.3,430,151,
LG,8,36890,4.3,382,1237,
SAMSUNG,8,36490,4.3,4349,52,
IFB,7,36380,4.1,,4,
Panasonic,10.5,36000,,4349,52,
Haier,6.5,36000,4.1,,125,
LG,7,35990,4.2,,20,
BOSCH,8,35990,4.5,,0,
Siemens,7,35879,4.2,,16,
LG,8,35490,4.3,,7,
SAMSUNG,7,35465,4.4,567,2777,
BOSCH,7,35170,4.3,,24,
SAMSUNG,6.5,35000,4.1,,3,
IFB,8,34990,4.5,591,229,
IFB,8,34990,4.3,343,137,
BOSCH,8,34990,4.3,,24,
LG,7,34990,4.4,,22,
LG,7,34990,4.5,,10,
SAMSUNG,7,34900,4.7,,7,
IFB,7,34686,4.3,,18,
IFB,8,34590,3.4,,0,
LG,8,34490,4.2,222,6410,
IFB,11,34310,4.4,,113,
BOSCH,7.5,34089,4.2,,185,
SAMSUNG,8,34000,4.1,243,253,
IFB,7,33999,4.3,55,1118,
LG,8,33990,4.2,,76,
SAMSUNG,7,33900,4.5,709,590,
SAMSUNG,7,33900,3.9,,110,
BOSCH,7,33849,4.2,790,349,
BOSCH,7,33849,4.4,,0,
IFB,11,33821,4.3,936,247,
IFB,11,33821,4.4,,0,
IFB,8,33490,4.4,,83,
IFB,6.5,33190,4.5,709,590,
LG,7,33089,4.4,,3,
Panasonic,6,32999,4.2,,3,
LG,8,32990,4.4,777,1291,
LG,6.5,32990,4.2,266,118,
IFB,7,32990,4.3,,63,
TOSHIBA,7,32990,4.4,,113,
SAMSUNG,7,32990,4.5,,45,
Whirlpool,7,32990,4.5,,0,
Lloyd,8,32639,4.3,55,1118,
BOSCH,6.5,32599,4.4,,3,
IFB,10,32490,4.3,55,1118,
IFB,7,32290,4.4,,16,
BOSCH,6,32127,4.3,61,6574,
Whirlpool,7,32100,4.2,,3,
Whirlpool,7,32099,4.3,,24,
IFB,9.5,31999,4.5,,5,
IFB,8,31990,,4349,52,
IFB,8,31990,,4349,52,
Haier,8,31990,,4349,52,
IFB,8,31990,,4349,52,
IFB,8,31990,,4349,52,
IFB,8,31990,4.3,846,273,
IFB,8,31990,4.2,790,349,
LG,7,31990,4.3,777,1291,
BOSCH,7,31990,4.2,437,5274,
IFB,8,31990,4.3,336,1115,
IFB,8,31990,4.1,243,253,
IFB,8,31990,4.3,150,1475,
Haier,8,31990,4.3,61,6574,
LG,7,31990,4.3,55,1118,
IFB,8,31990,,44,0,
IFB,8,31990,3.7,,0,
IFB,8,31990,3.9,,1,
IFB,8,31990,4.2,,34,
IFB,8,31990,4.2,,9,
IFB,8,31990,4.3,,1,
IFB,8,31990,4.4,,30,
IFB,8,31990,4.4,,17,
IFB,8,31990,4.4,,113,
IFB,8,31990,4.4,,0,
IFB,8,31990,4.4,,3,
LG,10,31679,3.3,,0,
IFB,7,31599,,4349,52,
SAMSUNG,6.5,31500,4.5,,4,
LG,9,31490,4.2,790,349,
IFB,6.5,31490,4.3,61,6574,
BOSCH,7,31400,4.3,343,137,
IFB,7,31290,4.3,61,6574,
IFB,6.5,31190,4.4,,30,
MOTOROLA,10.5,30990,4.4,383,174,
IFB,7.5,30990,4.3,,8,
SAMSUNG,8,30990,4.4,,3,
Whirlpool,8,30990,4.4,,25,
BOSCH,7,30990,4.5,,5,
Panasonic,7,30980,4.3,,3,
LG,6.5,30590,4.3,61,6574,
LG,7,30490,4.4,150,1475,
Godrej,7,30489,3.9,,0,
LG,8,29999,4.4,929,296,
IFB,7,29990,4.4,681,1576,
IFB,7,29990,4.4,218,425,
IFB,6.5,29990,4.3,55,1118,
LG,6,29990,4.3,55,1118,
IFB,7,29990,,53,1,
Motorola,10.5,29990,4.4,,0,
LG,7,29990,4.5,,11,
LG,7,29990,4.7,,0,
IFB,6.5,29890,4.3,,0,
IFB,6.5,29750,4.4,,83,
IFB,8.5,29431,,4349,52,
SAMSUNG,10,29200,4.2,881,439,
LG,6.5,29189,,44525,471,
IFB,6,28990,4.3,175,235,
Whirlpool,7,28990,4.3,55,1118,
Haier,7,28990,4.4,,113,
Siemens,7,28990,4.4,,6,
IFB,6,28990,4.4,,6,
SAMSUNG,7,28990,4.5,,33,
LG,8,28810,4.2,790,349,
Whirlpool,9.5,28719,4.4,,3,
LG,10,28599,4.1,,6,
IFB,6,28590,4.3,694,2045,
IFB,6,28590,4.2,,2,
LG,9,28390,4.3,,18,
SAMSUNG,9,28080,4.3,694,2045,
IFB,7,27990,,41932,283,
IFB,7,27990,,4349,52,
IFB,7,27990,4.2,821,823,
IFB,7,27990,4.3,815,462,
IFB,7,27990,4.2,790,349,
IFB,7,27990,4.3,694,2045,
LG,10,27990,4.3,669,711,
IFB,7,27990,4.3,669,711,
IFB,7,27990,4.2,603,1116,
IFB,7,27990,,491,14,
IFB,7,27990,4.3,318,205,
IFB,7,27990,4.4,159,1467,
IFB,7,27990,4.2,66,206,
IFB,7,27990,4.3,61,6574,
IFB,7,27990,4.3,55,1118,
IFB,7,27990,,54,0,
IFB,7,27990,3.6,,0,
IFB,7,27990,4.1,,7,
IFB,7,27990,4.2,,76,
IFB,7,27990,4.2,,2,
IFB,7,27990,4.2,,0,
IFB,7,27990,4.2,,1,
IFB,7,27990,4.3,,75,
IFB,7,27990,4.3,,10,
IFB,7,27990,4.4,,113,
IFB,7,27990,4.4,,83,
IFB,7,27990,4.4,,113,
IFB,7,27990,4.4,,19,
IFB,7,27990,4.4,,113,
IFB,7,27990,4.4,,113,
IFB,7,27990,4.5,,4,
IFB,7,27990,4.5,,0,
IFB,7,27990,4.9,,1,
LG,9,27950,4.4,,113,
SAMSUNG,9,27500,4.4,,30,
BOSCH,6.5,27490,,53,0,
LG,9,27450,4.2,790,349,
IFB,6,27390,4.2,924,186,
LG,6.5,26990,4.2,694,2045,
LG,9,26990,4.4,103,113,
LG,9,26990,4.3,61,6574,
LG,7,26990,4.3,,0,
IFB,6,26950,4.1,,9,
SAMSUNG,8,26800,4.2,,0,
Whirlpool,7.5,26690,4.3,815,462,
BOSCH,6,26490,,4349,52,
Whirlpool,9.5,26490,4.2,867,651,
BOSCH,6.5,26490,4.3,815,462,
Haier,8,26490,4.2,790,349,
SAMSUNG,10,26490,4.3,61,6574,
Panasonic,7.5,26490,4.2,,2,
SAMSUNG,10,26200,4.2,,17,
SAMSUNG,10,26110,4.3,694,2045,
SAMSUNG,8,26000,4.3,,4,
LG,8,25999,4.3,,2,
LG,8,25990,4.2,867,651,
BOSCH,6,25900,,4438,77,
LG,8,25789,4.4,,9,
MOTOROLA,6.5,25690,4.4,,11,
IFB,7,25610,4.2,,185,
SAMSUNG,9,25500,4.3,815,462,
LG,7,25490,,511,1,
Whirlpool,7.5,25490,4.4,,27,
LG,8,25290,,463,9,
SAMSUNG,8,25000,4.3,,0,
SAMSUNG,6,24990,4.2,790,349,
LG,6,24990,4.3,61,6574,
LG,6,24990,,54,0,
BOSCH,6,24900,4.4,84,1416,
IFB,6,24890,4.3,815,462,
SAMSUNG,9,24790,,4349,52,
SAMSUNG,9,24790,4.4,909,470,
SAMSUNG,9,24790,4.4,567,2777,
SAMSUNG,9,24790,,442,7,
SAMSUNG,9,24790,4.3,382,1237,
SAMSUNG,9,24790,4.3,61,6574,
SAMSUNG,9,24790,4.3,61,6574,
SAMSUNG,9,24790,3.8,,0,
SAMSUNG,9,24790,3.9,,42,
SAMSUNG,9,24790,4.1,,16,
SAMSUNG,9,24790,4.1,,3,
SAMSUNG,9,24790,4.2,,80,
SAMSUNG,9,24790,4.2,,2,
SAMSUNG,9,24790,4.4,,5,
SAMSUNG,9,24790,4.5,,45,
SAMSUNG,9,24790,4.5,,1,
SAMSUNG,9,24790,4.5,,12,
SAMSUNG,9,24790,4.5,,3,
Midea,7,24490,,41932,283,
Midea,7,24490,,4349,52,
Midea,7,24490,,4349,52,
Midea,7,24490,4.4,909,470,
Midea,7,24490,4.4,827,360,
Midea,7,24490,4.3,815,462,
Midea,7,24490,4.2,790,349,
Midea,7,24490,4.3,694,2045,
Midea,7,24490,4.3,669,711,
Midea,7,24490,4.4,664,4594,
Midea,7,24490,4.3,567,2777,
Midea,7,24490,,511,0,
Midea,7,24490,,431,4,
Midea,7,24490,4.4,88,76,
Midea,7,24490,4.4,84,1416,
Midea,7,24490,4.3,61,6574,
Midea,7,24490,4.3,61,6574,
Midea,7,24490,3.5,,0,
IFB,6.5,24490,3.8,,8,
Midea,7,24490,3.9,,6,
Midea,7,24490,4.2,,0,
Midea,7,24490,4.2,,5,
Midea,7,24490,4.3,,70,
Midea,7,24490,4.3,,71,
Midea,7,24490,4.4,,10,
Midea,7,24490,4.4,,113,
Midea,7,24490,4.4,,29,
Midea,7,24490,4.4,,113,
Midea,7,24490,4.5,,3,
Midea,7,24490,4.5,,18,
Midea,7,24490,4.6,,0,
Midea,7,24490,4.7,,1,
SAMSUNG,8,24000,4.3,55,1118,
IFB,6,23990,4.3,694,2045,
Godrej,7,23990,,56,1,
BOSCH,6,23990,4.2,,6,
BOSCH,7,23500,4.3,815,462,
LG,8,23490,4.3,992,1499,
Voltas,6.5,23490,4.2,,46,
Panasonic,8,23490,4.2,,12,
Lloyd,8,23289,,4349,52,
LG,7,23270,4.1,,2,
Voltas,6.5,22990,4.3,694,2045,
SAMSUNG,6,22990,4.4,567,2777,
IFB,6,22990,4.2,437,5274,
IFB,6,22990,4.2,,0,
Thomson,10.5,22990,4.4,,6,
LG,7,22950,4.4,,113,
IFB,7,22590,,54,1,
Galanz,8,22490,4.3,,116,
Voltas,8,22490,4.4,,8,
Whirlpool,7.5,22490,4.5,,2,
Intex,6,22390,4.3,61,6574,
SAMSUNG,7,22290,4.3,318,205,
SAMSUNG,7,22000,4.3,,5,
Lloyd,7,21990,2.8,,0,
Haier,6,21990,4.2,,76,
Voltas,6,21990,4.3,,7,
Haier,7.5,21990,4.4,,113,
LG,6.5,21990,4.4,,0,
Haier,7.5,21990,4.5,,68,
LG,6.5,21990,4.6,,3,
IFB,7,21989,4.6,,1,
BOSCH,7,21980,4.3,757,256,
LG,6.5,21940,4.3,55,1118,
Whirlpool,7.5,21850,4.3,694,2045,
IFB,5.5,21781,,432,1,
IFB,7,21600,4.3,55,1118,
SAMSUNG,8,21590,4.4,,100,
Panasonic,7,21499,3.7,,0,
SAMSUNG,8,21490,4.3,88,76,
LG,7,21190,4.8,,0,
LG,7,21079,4.3,61,6574,
LG,7,21079,4.6,,1,
BOSCH,6.5,20999,3.9,205,149,
SAMSUNG,7.5,20999,4.3,55,1118,
LG,7,20990,,4349,52,
LG,10,20990,4.3,815,462,
Panasonic,8,20990,4.2,100,169,
MOTOROLA,7,20990,4.3,61,6574,
Godrej,7,20990,3.7,,0,
Voltas,6,20990,4.3,,4,
LG,7,20990,4.3,,71,
SAMSUNG,8,20990,4.4,,113,
White westinghouse,10.5,20990,4.5,,0,
LG,7,20980,,52,1,
Godrej,7.5,20959,4.3,694,2045,
Whirlpool,7.5,20774,,49,0,
Whirlpool,7.5,20774,4.2,,8,
LG,6.5,20690,,4349,52,
LG,6.5,20690,4.3,,6,
Equator,8,20511,,4349,52,
Equator,8,20511,,4349,52,
Equator,8,20511,4.3,992,1499,
Equator,8,20511,4.3,846,273,
Equator,8,20511,4.2,790,349,
Equator,8,20511,4.4,663,402,
Equator,8,20511,,410,1,
Equator,8,20511,4.3,323,3004,
Equator,8,20511,4.3,323,3004,
Equator,8,20511,4.4,150,1475,
Equator,8,20511,4.3,61,6574,
Equator,8,20511,4.3,55,1188,
Equator,8,20511,4.3,55,1118,
Equator,8,20511,4.3,55,1118,
Equator,8,20511,,53,1,
Equator,8,20511,4.2,40,91,
Equator,8,20511,4.2,,16,
Equator,8,20511,4.3,,14,
Equator,8,20511,4.4,,113,
Equator,8,20511,4.4,,113,
Equator,8,20511,4.4,,9,
Equator,8,20511,4.5,,4,
Equator,8,20511,4.6,,0,
Whirlpool,7,20490,4.3,815,462,
LG,7,20490,4.1,,4,
Godrej,7,20391,4.5,,7,
SAMSUNG,7,20000,4.5,116,100,
SAMSUNG,7,20000,4.1,,5,
Godrej,10,19999,4.4,,113,
LG,6.5,19992,4.1,,7,
SAMSUNG,8,19990,4.3,694,2045,
White westinghouse,8.5,19990,4.3,336,1115,
TCL,8.5,19990,4.2,,17,
LG,8,19990,4.4,,113,
Godrej,6.5,19990,4.4,,113,
IFB,6.5,19774,3.3,,3,
Lloyd,7,19589,4.2,881,439,
LG,7,19589,4.6,,0,
Lloyd,8,19490,4.4,929,296,
SAMSUNG,7,19490,4.4,,113,
IFB,6.5,19290,4.3,55,1118,
Whirlpool,7.5,19129,4.3,694,2045,
Whirlpool,6.5,19090,4.4,,31,
BOSCH,6.5,18999,4.3,,1,
BOSCH,7,18990,4.3,694,2045,
Galanz,10,18990,4.3,61,6574,
Voltas,9,18990,3.3,,0,
LG,11,18990,3.8,,8,
Whirlpool,6.5,18990,4.5,,27,
Whirlpool,6.5,18990,4.7,,6,
SAMSUNG,6.5,18989,4.2,,2,
Panasonic,10,18900,,4349,52,
Panasonic,12,18760,4.2,,185,
SAMSUNG,7,18690,,431,4,
IFB,7,18690,4.2,55,1118,
SAMSUNG,7,18690,4.1,,3,
Lloyd,7.5,18639,4.4,,5,
Godrej,6.5,18599,4.4,,113,
IFB,6.5,18499,4.4,550,221,
Whirlpool,6.5,18490,3.9,,1,
Godrej,7.5,18490,4.4,,12,
Godrej,7,18490,4.4,,2,
SAMSUNG,6.5,18419,4.3,659,2643,
SAMSUNG,6.5,18419,4.4,,28,
Haier,10,18359,4.6,,3,
SAMSUNG,7,18340,4.3,694,2045,
SAMSUNG,11.5,18200,4.2,790,349,
SAMSUNG,11.5,18200,4.3,,22,
LG,11,18190,4.3,69,952,
SAMSUNG,7,18090,4.3,55,1118,
Panasonic,7.2,17999,4.3,757,256,
SAMSUNG,7,17990,4.1,773,175,
SAMSUNG,7,17990,4.3,694,2045,
SAMSUNG,7,17990,4.2,453,185,
BOSCH,6.5,17990,4.4,303,396,
Whirlpool,7.5,17990,4.3,61,6574,
SAMSUNG,7,17990,4.3,55,1118,
LG,10,17990,4.1,,67,
SAMSUNG,7,17990,4.2,,22,
Hafele,6,17990,4.3,,14,
Galanz,6,17990,4.4,,6,
Haier,7,17893,4.3,55,1118,
Haier,7,17893,4.6,,5,
SAMSUNG,7,17590,4.3,846,273,
IFB,6.5,17590,4.4,88,76,
Godrej,7,17499,3.8,,0,
Whirlpool,7,17490,4.3,815,462,
LG,7,17490,4.3,694,2045,
Whirlpool,6.5,17490,4.1,,0,
Whirlpool,7,17490,4.3,,0,
Whirlpool,7.5,17290,4.3,281,1393,
Whirlpool,7.5,17290,4.3,61,6574,
Whirlpool,10.5,17230,4.5,306,126,
Panasonic,8,17099,4.2,867,651,
Godrej,6.5,17099,4.5,640,305,
Panasonic,8,17099,4.3,61,6574,
Whirlpool,7,16990,,4349,52,
ONIDA,6.8,16990,,4349,52,
ONIDA,6.8,16990,4.3,777,1291,
LG,10,16990,4.2,453,185,
LG,6.5,16990,4.1,,20,
LG,6.5,16990,4.3,,92,
Panasonic,6.7,16990,4.4,,12,
Haier,8,16990,4.5,,68,
Whirlpool,7,16960,4.3,,0,
Whirlpool,6.5,16899,,52,1,
Haier,6.5,16799,4.3,55,1118,
LG,8.5,16699,4.2,,11,
Godrej,6.2,16580,4.4,,16,
Whirlpool,8.5,16500,3.8,,0,
Whirlpool,11,16499,4.7,,0,
Whirlpool,6.5,16490,,4349,52,
SAMSUNG,6.5,16490,4.3,815,462,
Lloyd,11,16490,4.3,625,182,
Godrej,10,16490,3.7,,1,
Godrej,6.5,16490,4.4,,1,
Godrej,8,16250,4.3,55,1118,
Godrej,7,16219,4.2,790,349,
Haier,6.5,16200,4.3,815,462,
Panasonic,8.5,16200,4.3,,5,
SAMSUNG,6.5,16100,4.2,40,91,
LG,8.5,15990,4.3,694,2045,
Whirlpool,6,15990,4.2,437,5274,
Haier,8.5,15990,4.2,,185,
Feltron,8,15990,4.4,,43,
LG,8.5,15950,3.7,,0,
Voltas,14,15900,4.4,150,1475,
Haier,9.5,15899,4.3,55,1118,
Haier,9.5,15890,4.3,61,6574,
LG,8,15799,4.3,55,1118,
Haier,9.5,15799,4.4,,0,
SAMSUNG,7,15790,,4349,52,
SAMSUNG,7,15790,,4349,52,
SAMSUNG,7,15790,,4349,52,
SAMSUNG,7,15790,,4349,52,
SAMSUNG,7,15790,4.3,815,462,
SAMSUNG,7,15790,4.4,664,4594,
SAMSUNG,7,15790,4.4,659,2643,
SAMSUNG,7,15790,4.4,101,261,
SAMSUNG,7,15790,4.3,61,6574,
SAMSUNG,7,15790,4.3,55,1118,
SAMSUNG,7,15790,3.9,,1,
SAMSUNG,7,15790,4.2,,76,
SAMSUNG,7,15790,4.3,,63,
SAMSUNG,7,15790,4.3,,68,
SAMSUNG,7,15790,4.3,,63,
SAMSUNG,7,15790,4.4,,9,
SAMSUNG,7,15790,4.4,,19,
SAMSUNG,7,15790,4.4,,0,
SAMSUNG,7,15790,4.5,,60,
LG,8,15739,4.4,444,241,
LG,8,15739,3.8,,22,
Whirlpool,9,15690,4.3,55,1118,
LG,8,15590,4.2,815,462,
SAMSUNG,9.5,15500,4.2,490,635,
Panasonic,7,15490,4.3,867,651,
ONIDA,8,15490,4.3,694,2045,
realme,8,15490,4.3,444,241,
Whirlpool,9.5,15451,,4349,52,
Haier,8.5,15339,4.2,790,349,
Whirlpool,9.5,15329,,44525,471,
Haier,8.5,15299,4.5,,5,
Thomson,9,15290,4.5,339,92,
Whirlpool,7,15240,4.4,849,696,
Whirlpool,7,15240,4.2,703,932,
LG,8,15199,4.5,339,92,
Whirlpool,9,15170,4.3,694,2045,
Godrej,9.5,14990,,4349,52,
Voltas,12,14990,4.3,777,1291,
LG,8.5,14990,4.3,694,2045,
Panasonic,6.5,14990,4.3,694,2045,
Midea,8,14990,4.4,567,2777,
Midea,8,14990,4.6,,0,
Panasonic,8,14895,4.3,,5,
ONIDA,7.5,14890,,44,0,
SAMSUNG,8.5,14800,4.3,281,1393,
LG,7,14799,4.4,413,644,
Godrej,6.5,14799,4.4,383,174,
Voltas,6.5,14790,,4349,52,
ONIDA,7,14790,4.3,815,462,
Voltas,6.5,14790,4.3,535,930,
SAMSUNG,6.5,14790,4.4,218,425,
Godrej,6.5,14790,4.1,,2,
Godrej,9,14790,4.1,,17,
Lloyd,8,14580,4.3,694,2045,
Voltas,9,14580,4.2,,9,
Godrej,6.2,14494,4.3,55,1118,
LG,8,14490,4.4,84,1416,
Whirlpool,6.5,14490,4.3,69,952,
ONIDA,7.5,14490,4.6,,6,
Whirlpool,6.5,14489,,4349,52,
Lloyd,8.5,14419,3.4,,0,
SAMSUNG,8.5,14390,4.3,55,1118,
ONIDA,7.5,14390,4.3,,0,
Godrej,8,14390,4.4,,24,
LG,7.5,14339,,473,7,
Whirlpool,9,14319,3.8,,1,
ONIDA,9.5,14299,4.4,,69,
Haier,9.5,14290,4.4,,62,
Haier,6,14287,4.3,,4,
Lloyd,8,14199,3.6,,2,
Panasonic,6.5,14190,,43480,337,
Whirlpool,6.5,14129,4.1,,67,
SAMSUNG,7,14099,4.3,815,462,
Lloyd,9,14019,,45,1,
Haier,8,13999,4.3,385,217,
Haier,8,13999,4.5,,3,
Whirlpool,6,13990,4.2,790,349,
Whirlpool,6,13990,4.2,790,349,
Whirlpool,6,13990,4.3,694,2045,
Whirlpool,6,13990,4.3,694,2045,
Whirlpool,6,13990,4.4,681,1576,
Whirlpool,6,13990,4.3,563,194,
Godrej,7,13990,4.3,535,930,
Whirlpool,6,13990,4.3,205,258,
Whirlpool,6,13990,4.3,61,6574,
Whirlpool,6,13990,3.6,,0,
Panasonic,6.5,13990,3.9,,2,
Whirlpool,8.5,13990,4.2,,87,
Whirlpool,6,13990,4.2,,31,
Haier,9,13990,4.3,,22,
Whirlpool,6,13990,4.4,,53,
Godrej,7,13990,4.5,,18,
Whirlpool,6,13990,4.5,,5,
Whirlpool,6,13990,4.5,,2,
Panasonic,6,13790,4.2,,76,
Whirlpool,7.5,13760,4.4,994,258,
LG,7,13629,4.3,846,273,
ONIDA,6.5,13559,4.4,664,4594,
Whirlpool,8.5,13530,4.4,338,117,
LG,7,13490,4.2,490,635,
CANDY,7,13490,4.3,61,6574,
Voltas,9,13490,3.9,,6,
Whirlpool,8.5,13480,4.2,,0,
Whirlpool,8.5,13479,,43,2,
LG,7,13350,4.4,,62,
CANDY,7,13290,4.4,,113,
Godrej,8,13199,4.3,694,2045,
Midea,7,13190,4.3,61,6574,
Voltas,8,12999,4.6,,2,
Haier,6.5,12990,4.2,867,651,
Godrej,6.5,12990,4.3,694,2045,
Whirlpool,8.5,12990,4.4,567,2777,
SAMSUNG,8,12990,4.3,477,6126,
ONIDA,7,12990,4.3,55,1118,
Godrej,6.5,12990,4.3,55,1118,
Sansui,6.5,12990,4.3,,66,
Godrej,7.2,12990,4.8,,0,
Godrej,6.2,12890,4.5,640,305,
Haier,8.5,12690,4.4,550,221,
Voltas,9,12690,4.2,490,635,
Singer,10,12690,4.2,,80,
Godrej,6,12690,4.5,,63,
Whirlpool,8,12690,4.7,,1,
Whirlpool,7.5,12600,4.4,,80,
Whirlpool,8,12580,4.3,55,1118,
White westinghouse,6.5,12499,,41932,283,
Voltas,7.5,12499,4.4,413,644,
White westinghouse,6.5,12499,4.3,55,1118,
Voltas,7.5,12499,,55,2,
ONIDA,6.5,12490,4.3,694,2045,
ONIDA,8,12490,4.3,198,632,
Whirlpool,8,12490,4.2,,16,
SAMSUNG,7,12490,4.3,,63,
Godrej,7.2,12480,4.4,567,2777,
LG,6,12299,,52,1,
LG,6,12299,4.4,,8,
realme,7.5,12290,4.2,993,2444,
LG,6,12200,,44,0,
Voltas,8,12190,3.6,,0,
SAMSUNG,7.5,12000,4.3,343,137,
SAMSUNG,7.5,12000,4.2,,13,
LG,7,11990,4.5,579,878,
Whirlpool,7.5,11990,4.2,272,116,
Godrej,8,11990,4.4,88,76,
Haier,8,11990,4.3,,28,
SAMSUNG,6.5,11890,4.3,815,462,
Whirlpool,7.5,11790,4.3,55,1118,
realme,6.5,11790,4.5,,4,
Voltas,8,11690,,4147,15,
Whirlpool,7,11505,4.3,,5,
MarQ,6.5,11490,4.2,849,696,
Thomson,10,11490,,53,0,
SAMSUNG,7,11400,,4349,52,
SAMSUNG,7,11400,4.2,,4,
Panasonic,7,11390,,41375,254,
Voltas,7,11350,4.3,,1,
Lloyd,7.5,11290,,43480,337,
Godrej,7.5,11290,4.2,790,349,
SAMSUNG,7,11290,4.3,503,2570,
Kelvinator,8,11290,4.4,,1,
LG,6,11163,4.3,61,6574,
Whirlpool,7.5,10990,,4349,52,
ONIDA,6.2,10990,4.4,,113,
Voltas,7,10790,4.3,694,2045,
Godrej,7.5,10790,4.3,55,1118,
Candes,9,10790,3.7,,0,
Voltas,8.5,10690,4.3,4349,52,
MarQ,9,10690,4.3,694,2045,
Lloyd,7,10590,4.3,700,814,
Lloyd,7.5,10490,4.4,102,1643,
Sansui,9,10090,4.3,55,1118,
Haier,7,9999,4.5,,2,
SAMSUNG,6.5,9990,4.3,993,2444,
Voltas,8,9990,4.3,427,424,
realme,8.5,9990,4.2,150,760,
Lloyd,7.5,9990,4.3,61,6574,
ONIDA,8,9990,4.4,61,6574,
realme,8,9990,4.3,,49,
ONIDA,7.5,9790,4.5,,68,
MarQ,8.5,9790,4.6,,5,
Voltas,7,9740,4.4,,3,
White westinghouse,8,9499,4.6,,0,
White westinghouse,8,9499,4.9,,1,
Voltas,7,9190,4.3,659,2643,
Whirlpool,6,8990,4.3,694,2045,
Thomson,7.5,8990,4.3,694,2045,
Whirlpool,6,8990,4.4,150,1475,
SAMSUNG,6,8990,4.3,61,6574,
Candes,8.5,8990,4.3,61,6574,
Thomson,8,8790,4.5,,63,
realme,7.5,8690,4.3,382,1237,
ONIDA,7,8490,4.3,,18,
InnoQ,8.5,8489,4.2,,94,
Gangnam,9,8399,4.5,116,100,
ONIDA,6.5,8290,4.3,815,462,
Sansui,6.5,7999,4.4,,113,
ONIDA,7,7990,4.3,55,1118,
MarQ,7.5,7990,4.3,,80,
Candes,7.2,7990,4.5,,0,
Gangnam,7.5,7899,4.2,453,185,
Lifelong,7.5,7850,4.3,55,1118,
Gangnam,7.8,7790,4.3,815,462,
Thomson,7,7790,4.2,790,349,
realme,7,7790,4.4,427,424,
Thomson,7,7790,4.3,,7,
Thomson,7,7690,,4349,52,
Sansui,7,7590,4.4,827,360,
Sansui,6.5,7390,4.5,,18,
MarQ,6.5,7290,4.4,427,424,
Thomson,6.5,7290,4.3,,102,
InnoQ,7.5,7289,4.3,336,1115,
MarQ,7,7190,4.2,790,349,
MarQ,6,7090,,4349,52,
MarQ,6,7090,4.2,993,2444,
MarQ,6,7090,4.3,815,462,
MarQ,6,7090,,482,7,
MarQ,6,7090,4.2,453,185,
MarQ,6,7090,,437,2,
MarQ,6,7090,4.4,427,424,
MarQ,6,7090,4.2,338,117,
MarQ,6,7090,4.1,243,253,
MarQ,6,7090,4.4,218,425,
MarQ,6,7090,4.3,61,6574,
MarQ,6,7090,4.3,61,6574,
MarQ,6,7090,4.3,61,6574,
MarQ,6,7090,4.3,61,6574,
MarQ,6,7090,4.3,55,1188,
MarQ,6,7090,4.3,55,1118,
MarQ,6,7090,,54,0,
MarQ,6,7090,,53,1,
MarQ,6,7090,3.8,,31,
MarQ,6,7090,4.1,,31,
MarQ,6,7090,4.2,,9,
MarQ,6,7090,4.2,,5,
MarQ,6,7090,4.2,,5,
MarQ,6,7090,4.2,,80,
MarQ,6,7090,4.3,,6,
MarQ,6,7090,4.3,,22,
MarQ,6,7090,4.4,,113,
MarQ,6,7090,4.4,,8,
MarQ,6,7090,4.4,,12,
MarQ,6,7090,4.5,,0,
MarQ,6,7090,4.5,,4,
MarQ,6,7090,4.6,,1,
White westinghouse,6,6990,4.2,,80,
Candes,6.5,6990,4.5,,2,
InnoQ,6.5,6899,4.3,,8,
Gangnam,6.5,6590,4.3,612,185,
InnoQ,6.5,6490,4.4,815,462,
ONIDA,9,6290,4.4,,28,
ONIDA,7,5890,4.3,55,1118,
DMR,1.5,5799,4.3,815,462,
DMR,4.6,5799,4.2,,80,
Voltas,7.5,5650,4.5,,45,
ONIDA,6.5,5590,4.3,,14,
Daenyx,7.5,5499,,4438,77,
Daenyx,7.5,5499,4.2,,53,
MarQ,7.5,5190,4.3,694,2045,
Thomson,7,4990,4.3,318,205,
